,Cities,Date,Country,Lat,Long,Humidity,Max_temp,Clouds,Wind
0,Tuktoyaktuk,2018-12-16,CA,69.44,-133.03,83,-13.01,20,5.82
1,Punta Arenas,2018-12-16,CL,-53.16,-70.91,100,44.6,0,23.04
2,Chegutu,2018-12-16,ZW,-18.13,30.15,94,63.16,44,4.38
3,Cabo San Lucas,2018-12-16,MX,22.89,-109.91,68,69.8,90,2.24
4,Mataura,2018-12-16,NZ,-46.19,168.86,60,74.09,0,6.06
5,Port Blair,2018-12-16,IN,11.67,92.75,99,83.5,56,19.6
6,Busselton,2018-12-16,AU,-33.64,115.35,100,61.4,92,18.7
7,Bluff,2018-12-16,AU,-23.58,149.07,91,75.8,88,5.73
8,Lagoa,2018-12-16,PT,37.14,-8.45,93,51.8,75,4.7
9,Atuona,2018-12-16,PF,-9.8,-139.03,99,81.7,8,17.47
10,Qandala,2018-12-16,SO,11.47,49.87,100,59.56,44,6.4
11,Dunedin,2018-12-16,NZ,-45.87,170.5,84,64.37,44,4.16
12,Port Hedland,2018-12-16,AU,-20.31,118.58,45,87.8,0,23.04
13,Upernavik,2018-12-16,GL,72.79,-56.15,100,15.1,20,15.46
14,Taltal,2018-12-16,CL,-25.41,-70.49,96,56.95,20,1.59
15,Noumea,2018-12-16,NC,-22.28,166.46,45,87.8,40,16.11
16,Georgetown,2018-12-16,GY,6.8,-58.16,94,73.4,75,4.7
17,Lasa,2018-12-16,CY,34.92,32.53,58,60.8,0,9.17
18,Lazaro Cardenas,2018-12-16,MX,28.39,-105.62,45,44.6,75,2.71
19,Grindavik,2018-12-16,IS,63.84,-22.43,80,41.0,40,18.34
20,Camacha,2018-12-16,PT,33.08,-16.33,93,60.8,20,2.24
21,Pergamino,2018-12-16,AR,-33.9,-60.57,85,61.13,0,2.93
22,Bethel,2018-12-16,US,60.79,-161.76,82,-11.03,75,4.61
23,Vaini,2018-12-16,IN,15.34,74.49,87,66.2,0,8.75
24,New Norfolk,2018-12-16,AU,-42.78,147.06,57,77.0,40,5.82
25,Colombia,2018-12-16,CO,3.38,-74.8,63,66.53,0,1.59
26,Butaritari,2018-12-16,KI,3.07,172.79,100,83.45,56,7.52
27,Ushuaia,2018-12-16,AR,-54.81,-68.31,93,41.0,75,17.22
28,Victor Harbor,2018-12-16,AU,-35.55,138.62,82,66.2,75,16.11
29,Nikolskoye,2018-12-16,RU,59.7,30.79,92,19.4,75,4.47
30,Port Hawkesbury,2018-12-16,CA,45.62,-61.36,74,33.8,1,19.46
31,Kapaa,2018-12-16,US,22.08,-159.32,44,77.0,20,17.22
32,Dwarka,2018-12-16,IN,28.58,77.04,87,46.4,0,4.7
33,Victoria,2018-12-16,BN,5.28,115.24,79,87.8,75,4.7
34,Klaksvik,2018-12-16,FO,62.23,-6.59,93,41.0,92,36.91
35,Tete,2018-12-16,MZ,-16.16,33.59,100,75.2,40,4.7
36,Cidreira,2018-12-16,BR,-30.17,-50.22,91,71.93,64,9.86
37,Hermanus,2018-12-16,ZA,-34.42,19.24,95,51.23,0,4.16
38,Dikson,2018-12-16,RU,73.51,80.55,95,20.23,92,9.75
39,Moindou,2018-12-16,NC,-21.69,165.68,45,87.8,40,16.11
40,Port Lincoln,2018-12-16,AU,-34.72,135.86,89,66.58,48,10.76
41,Pisco,2018-12-16,PE,-13.71,-76.2,82,68.0,40,13.87
42,Mar del Plata,2018-12-16,AR,-46.43,-67.52,43,67.7,20,29.55
43,Albany,2018-12-16,US,42.65,-73.75,66,37.04,1,6.93
44,Vredendal,2018-12-16,ZA,-31.68,18.49,90,46.6,0,2.15
45,Thompson,2018-12-16,CA,55.74,-97.86,92,26.6,90,12.75
46,Esperance,2018-12-16,TT,10.24,-61.45,83,77.0,20,5.95
47,Doha,2018-12-16,QA,25.29,51.53,77,68.0,0,5.82
48,Saint George,2018-12-16,GR,39.45,22.34,93,48.2,90,2.71
49,Tuatapere,2018-12-16,NZ,-46.13,167.69,78,63.2,0,5.95
50,Tromso,2018-12-16,NO,69.65,18.96,80,30.2,0,10.29
51,Saskylakh,2018-12-16,RU,71.97,114.09,34,-23.43,32,2.93
52,Camopi,2018-12-16,GF,3.17,-52.33,83,74.54,76,2.71
53,Saldanha,2018-12-16,PT,41.42,-6.55,98,51.14,92,13.0
54,Harwich,2018-12-16,US,41.69,-70.08,72,44.96,1,13.87
55,Bredasdorp,2018-12-16,ZA,-34.53,20.04,82,64.4,68,1.12
56,Markova,2018-12-16,RU,52.21,104.21,60,15.55,68,4.72
57,Yablonovo,2018-12-16,RU,50.85,37.36,100,24.8,90,8.95
58,Staroleushkovskaya,2018-12-16,RU,45.98,39.75,80,21.44,20,7.96
59,Bambous Virieux,2018-12-16,MU,-20.34,57.76,73,77.0,40,16.11
60,Pemberton,2018-12-16,AU,-34.44,116.03,100,59.96,92,12.44
61,Baie-Comeau,2018-12-16,CA,49.22,-68.15,64,33.8,90,8.05
62,Pandamatenga,2018-12-16,BW,-18.54,25.64,59,70.81,0,7.63
63,Sagone,2018-12-16,FR,42.12,8.7,75,44.6,90,3.36
64,Yulara,2018-12-16,AU,-25.24,130.99,12,93.2,0,9.17
65,Barrow,2018-12-16,AR,-38.31,-60.23,30,72.25,0,16.46
66,Faya,2018-12-16,SA,18.39,42.45,82,55.4,0,5.61
67,Kahului,2018-12-16,US,20.89,-156.47,68,78.08,40,21.92
68,Ohara,2018-12-16,JP,35.12,135.83,83,48.2,75,4.7
69,San Quintin,2018-12-16,PH,17.54,120.52,60,83.27,0,5.73
70,Tasiilaq,2018-12-16,GL,65.61,-37.64,59,33.8,80,18.34
71,Hovd,2018-12-16,NO,63.83,10.7,98,32.0,0,31.09
72,Puerto Princesa,2018-12-16,PH,9.74,118.73,66,87.8,20,11.41
73,Pasvalys,2018-12-16,LT,56.06,24.4,92,28.4,90,9.17
74,Labuhan,2018-12-16,ID,-2.54,115.51,85,80.26,88,3.15
75,Puerto Ayora,2018-12-16,EC,-0.74,-90.35,98,74.68,80,10.09
76,Waipawa,2018-12-16,NZ,-39.94,176.59,71,70.13,0,5.95
77,Camacari,2018-12-16,BR,-12.7,-38.32,83,78.8,40,11.41
78,Port-Gentil,2018-12-16,GA,-0.72,8.78,100,79.58,80,8.75
79,Champa,2018-12-16,IN,22.03,82.65,66,60.73,76,6.17
80,Izumo,2018-12-16,JP,35.37,132.75,58,53.6,75,13.87
81,Caravelas,2018-12-16,BR,-17.73,-39.27,100,79.04,0,13.0
82,Grand Gaube,2018-12-16,MU,-20.01,57.66,73,77.0,40,16.11
83,Jamestown,2018-12-16,AU,-33.21,138.6,80,65.86,80,10.98
84,Tigre,2018-12-16,AR,-34.42,-58.58,68,71.6,0,2.24
85,Uarini,2018-12-16,BR,-2.98,-65.16,95,74.27,12,2.82
86,Cabo Rojo,2018-12-16,PR,18.09,-67.15,73,73.4,1,5.82
87,Vestmannaeyjar,2018-12-16,IS,63.44,-20.27,97,42.46,44,15.79
88,Magadan,2018-12-16,RU,59.56,150.8,100,16.36,76,5.61
89,Rikitea,2018-12-16,PF,-23.12,-134.97,100,78.86,32,5.73
90,Tecoanapa,2018-12-16,MX,16.99,-99.26,88,77.0,5,2.82
91,Alihe,2018-12-16,CN,50.57,123.73,70,5.51,20,3.6
92,La Ronge,2018-12-16,CA,55.1,-105.3,67,19.4,90,31.09
93,Okhotsk,2018-12-16,RU,59.36,143.24,100,-17.4,12,6.62
94,Komsomolskiy,2018-12-16,RU,67.55,63.78,97,33.41,92,19.6
95,Luderitz,2018-12-16,NA,-26.65,15.16,75,58.43,0,14.45
96,Cayenne,2018-12-16,GF,4.94,-52.33,78,78.8,40,3.36
97,Dehloran,2018-12-16,IR,32.69,47.27,83,43.49,24,3.83
98,Saint-Philippe,2018-12-16,CA,45.36,-73.48,99,32.0,1,2.93
99,Saint-Augustin,2018-12-16,FR,44.83,-0.61,93,55.4,92,3.36
100,Irbeyskoye,2018-12-16,RU,55.64,95.45,87,15.95,88,8.97
101,San Cristobal,2018-12-16,EC,-0.39,-78.55,100,57.2,40,4.7
102,Turayf,2018-12-16,SA,31.68,38.65,100,42.8,75,13.87
103,Avarua,2018-12-16,CK,-21.21,-159.78,78,80.6,75,8.05
104,Hithadhoo,2018-12-16,MV,-0.6,73.08,100,81.65,24,14.67
105,Kitimat,2018-12-16,CA,54.02,-128.69,92,30.2,90,16.11
106,Finschhafen,2018-12-16,PG,-6.6,147.85,78,83.18,56,2.15
107,Rio Gallegos,2018-12-16,AR,-51.62,-69.22,38,59.0,20,39.15
108,Corner Brook,2018-12-16,CA,48.95,-57.95,97,33.8,90,9.17
109,Muroto,2018-12-16,JP,33.37,134.14,54,55.4,75,5.82
110,Acapulco,2018-12-16,MX,16.86,-99.88,88,77.0,5,5.28
111,Provideniya,2018-12-16,RU,64.42,-173.23,64,-0.41,0,4.47
112,Laredo,2018-12-16,US,27.51,-99.51,66,51.98,1,3.04
113,Follonica,2018-12-16,IT,42.93,10.76,74,35.6,0,10.29
114,Oban,2018-12-16,GB,56.42,-5.47,100,41.78,92,8.75
115,Talnakh,2018-12-16,RU,69.49,88.39,90,-4.21,68,10.42
116,Geraldton,2018-12-16,CA,49.72,-86.95,63,32.0,20,10.29
117,Hilo,2018-12-16,US,19.71,-155.08,64,75.92,90,6.93
118,Saint-Pierre,2018-12-16,FR,48.95,4.24,93,35.6,90,9.17
119,Ixtapa,2018-12-16,MX,20.71,-105.21,83,73.4,5,4.7
120,Hudiksvall,2018-12-16,SE,61.73,17.1,100,19.91,32,6.62
121,Ribeira Grande,2018-12-16,PT,38.52,-28.7,99,62.53,76,18.03
122,Sao Joao da Barra,2018-12-16,BR,-21.64,-41.05,100,78.77,20,23.85
123,Norman Wells,2018-12-16,CA,65.28,-126.83,75,-18.41,20,2.24
124,Hirara,2018-12-16,JP,24.8,125.28,60,75.2,75,9.17
125,Port Elizabeth,2018-12-16,US,39.31,-74.98,96,51.08,90,13.87
126,Bandarbeyla,2018-12-16,SO,9.49,50.81,100,78.5,0,23.85
127,Arlit,2018-12-16,NE,18.74,7.39,59,52.67,0,9.42
128,Rong Kwang,2018-12-16,TH,18.34,100.32,83,73.4,0,3.94
129,Yellowknife,2018-12-16,CA,62.45,-114.38,75,-14.81,20,6.93
130,Hobart,2018-12-16,AU,-42.88,147.33,57,77.0,40,5.82
131,Karakol,2018-12-16,KG,42.49,78.39,59,7.22,48,3.04
132,Solnechnyy,2018-12-16,RU,50.72,136.64,75,-3.45,64,3.6
133,Shimoda,2018-12-16,JP,34.7,138.93,81,53.6,75,4.7
134,Lompoc,2018-12-16,US,34.64,-120.46,89,55.94,20,3.83
135,Beni,2018-12-16,CD,0.49,29.47,97,60.59,24,2.59
136,Coquimbo,2018-12-16,CL,-29.95,-71.34,87,59.0,0,6.96
137,Taoudenni,2018-12-16,ML,22.68,-3.98,40,48.71,0,11.65
138,Hamilton,2018-12-16,CA,43.26,-79.87,100,37.4,90,16.11
139,Knysna,2018-12-16,ZA,-34.04,23.05,100,60.8,75,3.36
140,Abay,2018-12-16,KZ,49.63,72.87,100,23.0,90,4.47
141,Lebu,2018-12-16,ET,8.96,38.73,73,30.62,0,2.93
142,Kunashak,2018-12-16,RU,55.7,61.55,85,15.8,75,8.95
143,Stolbovaya,2018-12-16,RU,55.26,37.49,85,14.0,40,4.47
144,Vostok,2018-12-16,RU,46.45,135.83,64,19.28,0,5.06
145,Bogorodskoye,2018-12-16,RU,52.37,140.44,70,1.06,76,2.15
146,Abatskoye,2018-12-16,RU,56.29,70.46,85,12.76,64,5.06
147,Willowmore,2018-12-16,ZA,-33.3,23.49,89,48.4,0,2.15
148,Peniche,2018-12-16,PT,39.36,-9.38,93,62.6,75,18.34
149,Te Anau,2018-12-16,NZ,-45.41,167.72,46,75.4,0,2.93
150,Sinnamary,2018-12-16,GF,5.38,-52.96,93,79.67,76,11.54
151,East London,2018-12-16,ZA,-33.02,27.91,100,70.94,48,7.4
152,Beira,2018-12-16,ES,43.2,-8.36,93,48.2,0,5.82
153,Khatanga,2018-12-16,RU,71.98,102.47,84,-5.7,44,11.21
154,Baruun-Urt,2018-12-16,MN,46.68,113.28,58,8.75,24,9.31
155,Kamaishi,2018-12-16,JP,39.28,141.86,64,39.2,75,4.7
156,Cairns,2018-12-16,AU,-16.92,145.77,55,91.4,75,9.17
157,Hazorasp,2018-12-16,UZ,41.32,61.08,100,33.8,90,4.7
158,Celestun,2018-12-16,MX,20.87,-90.4,100,72.7,92,11.32
159,Porto Novo,2018-12-16,BR,-23.68,-45.44,73,75.2,0,2.37
160,Castro,2018-12-16,CL,-42.48,-73.76,100,55.4,90,16.11
161,Ilulissat,2018-12-16,GL,69.22,-51.1,62,19.4,48,8.05
162,Cape Town,2018-12-16,ZA,-33.93,18.42,72,66.2,0,18.34
163,Qaanaaq,2018-12-16,GL,77.48,-69.36,85,-14.65,0,11.99
164,Carutapera,2018-12-16,BR,-1.2,-46.02,100,74.45,88,1.59
165,Tommot,2018-12-16,RU,58.97,126.27,61,2.81,36,3.15
166,Aripuana,2018-12-16,BR,-9.17,-60.63,90,76.52,48,1.48
167,Wichita Falls,2018-12-16,US,33.91,-98.49,68,39.92,1,5.82
168,College,2018-12-16,US,64.86,-147.8,80,-9.23,75,3.27
169,Baykit,2018-12-16,RU,61.68,96.39,66,-5.56,20,7.4
170,Tarauaca,2018-12-16,BR,-8.16,-70.77,98,72.47,48,2.37
171,Rawson,2018-12-16,AR,-43.3,-65.11,31,77.2,0,15.79
172,Sarai,2018-12-16,IN,25.78,85.28,71,55.4,0,3.36
173,Fortuna,2018-12-16,ES,38.18,-1.13,67,57.2,0,11.41
174,Angoche,2018-12-16,MZ,-16.23,39.91,100,81.88,68,10.65
175,Sioux Lookout,2018-12-16,CA,50.1,-91.92,55,39.2,75,10.29
176,Selenginsk,2018-12-16,RU,52.01,106.87,71,8.6,90,6.71
177,Bubaque,2018-12-16,GW,11.28,-15.83,100,80.12,0,21.5
178,Kaitangata,2018-12-16,NZ,-46.28,169.85,80,65.36,0,6.96
179,Kieta,2018-12-16,PG,-6.22,155.63,87,87.23,80,2.37
180,Illapel,2018-12-16,CL,-31.63,-71.17,93,54.2,0,3.15
181,Praia,2018-12-16,BR,-20.25,-43.81,60,75.2,0,4.7
182,Gannan,2018-12-16,CN,47.92,123.49,62,13.7,0,3.38
183,Alyangula,2018-12-16,AU,-13.85,136.42,66,91.4,0,6.93
184,Egvekinot,2018-12-16,RU,66.32,-179.17,67,-36.43,0,3.38
185,Chimbote,2018-12-16,PE,-9.08,-78.59,89,68.11,80,5.73
186,Bronnoysund,2018-12-16,NO,65.46,12.2,63,30.2,0,24.16
187,Ulladulla,2018-12-16,AU,-35.36,150.48,83,74.68,20,10.65
188,Kurumkan,2018-12-16,RU,54.33,110.32,88,6.68,64,2.71
189,Iqaluit,2018-12-16,CA,63.75,-68.52,84,8.6,40,4.7
190,Chuy,2018-12-16,UY,-33.69,-53.46,94,60.59,0,9.64
191,Sawakin,2018-12-16,SD,19.1,37.33,100,71.71,12,4.38
192,Freeport,2018-12-16,BS,26.54,-78.7,100,76.97,48,9.75
193,Mount Gambier,2018-12-16,AU,-37.83,140.78,56,71.6,75,4.7
194,Airai,2018-12-16,TL,-8.93,125.41,70,83.41,12,2.71
195,Mae Sot,2018-12-16,MM,16.71,98.57,73,75.2,20,5.61
196,Turbat,2018-12-16,PK,26.0,63.05,76,47.23,0,4.61
197,Torbay,2018-12-16,CA,47.66,-52.73,100,32.0,90,23.04
198,Moron,2018-12-16,VE,10.49,-68.2,95,65.54,44,2.59
199,Kirakira,2018-12-16,SB,-10.46,161.92,100,85.79,56,10.65
200,Tiznit,2018-12-16,MA,29.7,-9.73,86,53.98,0,5.39
201,Suntar,2018-12-16,RU,62.16,117.65,84,6.77,56,3.71
202,Khandyga,2018-12-16,RU,62.65,135.58,75,-17.76,68,2.59
203,Ossora,2018-12-16,RU,59.24,163.07,89,20.5,80,14.56
204,Beringovskiy,2018-12-16,RU,63.05,179.32,100,-15.78,24,11.65
205,Praya,2018-12-16,ID,-8.71,116.27,70,86.0,75,10.29
206,Constitucion,2018-12-16,MX,23.99,-104.67,26,44.6,75,3.36
207,Letka,2018-12-16,BA,43.74,17.27,95,14.24,24,3.38
208,Ouesso,2018-12-16,CG,1.61,16.05,100,70.31,56,2.15
209,Mahebourg,2018-12-16,MU,-20.41,57.7,73,77.0,40,16.11
210,Necochea,2018-12-16,AR,-38.55,-58.74,42,67.88,0,15.01
211,Mushie,2018-12-16,CD,-3.02,16.92,96,74.86,56,1.59
212,San Patricio,2018-12-16,PY,-26.98,-56.83,96,76.25,56,2.48
213,Gavle,2018-12-16,SE,60.67,17.14,100,21.53,68,3.04
214,Yar-Sale,2018-12-16,RU,66.83,70.83,87,12.08,56,9.31
215,Abu Samrah,2018-12-16,SY,35.3,37.18,91,45.25,88,9.08
216,Souillac,2018-12-16,FR,45.6,-0.6,93,48.2,75,3.36
217,Laguna,2018-12-16,MX,27.52,-110.01,42,64.4,90,5.82
218,Miles City,2018-12-16,US,46.41,-105.84,71,30.02,1,8.05
219,Iskateley,2018-12-16,RU,67.68,53.15,93,33.73,92,22.06
220,Kruisfontein,2018-12-16,ZA,-34.0,24.73,89,62.8,0,5.95
221,Port Alfred,2018-12-16,ZA,-33.59,26.89,100,67.52,80,0.81
222,Itarema,2018-12-16,BR,-2.92,-39.92,99,72.7,76,1.81
223,Jaciara,2018-12-16,BR,-15.95,-54.98,84,74.0,36,2.71
224,Aklavik,2018-12-16,CA,68.22,-135.01,76,-11.21,20,8.05
225,Evensk,2018-12-16,RU,61.92,159.24,100,4.34,88,7.74
226,Leningradskiy,2018-12-16,RU,69.38,178.42,100,-11.01,12,2.71
227,Kodiak,2018-12-16,US,39.95,-94.76,12,41.0,1,6.93
228,Los Llanos de Aridane,2018-12-16,ES,28.66,-17.92,77,64.4,0,10.29
229,Hasaki,2018-12-16,JP,35.73,140.83,52,44.6,75,2.24
230,Okha,2018-12-16,RU,53.59,142.95,100,-1.96,12,3.38
231,Qasigiannguit,2018-12-16,GL,68.82,-51.19,57,21.2,48,9.17
232,Bitlis,2018-12-16,TR,38.4,42.11,92,28.4,12,1.59
233,Sunndalsora,2018-12-16,NO,62.68,8.55,55,33.8,0,24.16
234,Tuzha,2018-12-16,CN,28.58,109.69,84,43.49,0,3.49
235,Assare,2018-12-16,BR,-6.87,-39.88,67,66.44,48,2.48
236,Meulaboh,2018-12-16,ID,4.14,96.13,100,81.16,44,3.49
237,Samarai,2018-12-16,PG,-10.62,150.67,97,88.0,20,5.84
238,Dajabon,2018-12-16,DO,19.55,-71.71,93,78.28,0,10.2
239,Zenzeli,2018-12-16,RU,45.92,47.05,84,28.01,76,12.77
240,Goure,2018-12-16,NE,13.98,10.27,54,62.08,0,5.28
241,Kharan,2018-12-16,PK,28.58,65.42,73,32.69,0,2.82
242,Kibre Mengist,2018-12-16,ET,5.87,38.99,68,43.94,0,2.48
243,Koygorodok,2018-12-16,RU,60.44,51.01,92,19.06,80,4.5
244,Sao Filipe,2018-12-16,CV,14.9,-24.5,94,75.8,100,13.11
245,Oranjemund,2018-12-16,ZA,-28.55,16.43,93,61.36,0,19.04
246,Karonga,2018-12-16,MW,-9.94,33.93,100,73.96,44,6.96
247,Mvuma,2018-12-16,ZW,-19.28,30.53,63,60.55,48,7.74
248,Mawlaik,2018-12-16,MM,23.63,94.42,89,69.41,64,2.71
249,Maumere,2018-12-16,ID,-8.63,122.22,99,83.9,48,4.38
250,Lambarene,2018-12-16,GA,-0.7,10.22,100,73.82,92,2.26
251,Chokurdakh,2018-12-16,RU,70.62,147.9,0,-38.68,36,3.04
252,Jaisalmer,2018-12-16,IN,26.91,70.91,92,47.72,0,7.74
253,Along,2018-12-16,IN,28.17,94.8,44,57.31,0,2.04
254,Chimoio,2018-12-16,MZ,-19.11,33.48,88,68.0,40,2.71
255,Sitka,2018-12-16,US,37.17,-99.65,42,36.74,44,9.19
256,Ulaangom,2018-12-16,MN,49.98,92.07,40,-16.9,0,1.7
257,Astoria,2018-12-16,US,46.19,-123.83,56,48.92,90,8.05
258,Kavaratti,2018-12-16,IN,10.57,72.64,100,82.28,32,7.4
259,Harper,2018-12-16,US,30.3,-99.24,74,42.08,1,0.36
260,Henties Bay,2018-12-16,NA,-22.12,14.28,94,61.36,76,6.4
261,Cherskiy,2018-12-16,RU,68.75,161.3,66,-35.31,20,2.37
262,Longyearbyen,2018-12-16,NO,78.22,15.63,67,19.4,75,16.11
263,Ancud,2018-12-16,CL,-41.87,-73.83,100,55.4,90,16.11
264,Pocone,2018-12-16,BR,-16.26,-56.62,78,78.5,32,4.16
265,Dergachi,2018-12-16,RU,51.24,48.77,93,26.12,80,15.23
266,Nelson Bay,2018-12-16,AU,-32.72,152.14,58,86.0,40,14.99
267,Jutai,2018-12-16,BR,-1.71,-47.89,100,72.43,80,2.71
268,Ponta do Sol,2018-12-16,BR,-20.63,-46.0,95,68.11,56,1.7
269,Eyl,2018-12-16,SO,7.98,49.82,100,73.64,0,18.14
270,San Fernando,2018-12-16,CL,-34.58,-70.99,32,68.0,0,3.36
271,Sambava,2018-12-16,MG,-14.27,50.17,100,77.51,80,15.23
272,Brigantine,2018-12-16,US,39.41,-74.36,100,51.08,90,16.11
273,Maragogi,2018-12-16,BR,-9.01,-35.22,80,76.66,92,6.17
274,Fukue,2018-12-16,JP,35.03,136.69,52,44.6,40,4.7
275,Kabompo,2018-12-16,ZM,-13.6,24.21,98,65.23,92,4.38
276,Saint-Georges,2018-12-16,CA,46.12,-70.67,90,20.0,0,3.27
277,Luganville,2018-12-16,VU,-15.51,167.18,100,82.46,0,6.62
278,Kimbe,2018-12-16,PG,-5.56,150.15,97,85.3,8,7.18
279,Valle de Allende,2018-12-16,MX,26.94,-105.39,37,36.61,24,6.17
280,Chifeng,2018-12-16,CN,42.27,118.96,41,23.65,0,6.17
281,Comodoro Rivadavia,2018-12-16,AR,-45.87,-67.48,37,69.8,75,36.91
282,Bilibino,2018-12-16,RU,68.06,166.44,78,-39.04,56,2.15
283,Bafoulabe,2018-12-16,ML,13.81,-10.83,55,63.43,32,5.28
284,Maceio,2018-12-16,BR,-9.67,-35.74,83,73.4,0,5.39
285,Saint Joseph,2018-12-16,US,39.77,-94.85,39,46.94,1,4.7
286,Mayumba,2018-12-16,GA,-3.44,10.65,100,77.65,92,3.27
287,Belmonte,2018-12-16,PT,40.36,-7.35,97,51.05,92,8.75
288,Haines Junction,2018-12-16,CA,60.75,-137.51,75,-14.29,56,2.15
289,Ghatanji,2018-12-16,IN,20.14,78.32,57,62.3,0,10.65
290,Zhigansk,2018-12-16,RU,66.77,123.37,73,-6.51,68,9.75
291,Otane,2018-12-16,NZ,-39.89,176.62,81,68.69,0,3.83
292,Faanui,2018-12-16,PF,-16.48,-151.75,99,83.68,76,12.21
293,Ajdabiya,2018-12-16,LY,30.75,20.22,87,56.81,88,9.42
294,Koltubanovskiy,2018-12-16,RU,52.94,52.03,85,14.38,44,7.18
295,Metro,2018-12-16,ID,-5.11,105.31,75,87.23,8,10.09
296,Matamoros,2018-12-16,US,25.87,-97.51,83,55.4,1,4.7
297,Esmeraldas,2018-12-16,BR,-19.76,-44.31,47,75.2,0,8.05
298,Gagino,2018-12-16,RU,54.27,39.54,87,15.41,36,6.17
299,Jawhar,2018-12-16,IN,19.91,73.23,46,71.57,0,12.1
300,Hami,2018-12-16,CN,42.84,93.51,53,2.99,0,3.71
301,Castanas,2018-12-16,PH,13.88,121.55,100,77.65,92,19.15
302,Cedeno,2018-12-16,CO,7.05,-72.16,93,65.18,0,2.37
303,Muros,2018-12-16,ES,42.77,-9.06,100,51.8,40,3.36
304,Namatanai,2018-12-16,PG,-3.66,152.44,91,87.59,0,9.31
305,Santa Rosa,2018-12-16,AR,-36.62,-64.29,42,72.74,44,15.23
306,Sao Lourenco,2018-12-16,PT,39.01,-9.42,93,60.8,75,18.34
307,Arraial do Cabo,2018-12-16,BR,-22.97,-42.02,88,77.2,0,19.15
308,Houlton,2018-12-16,US,46.13,-67.84,85,30.02,1,7.63
309,Boshnyakovo,2018-12-16,RU,49.65,142.17,94,20.0,36,4.61
310,Sarab,2018-12-16,IR,38.61,44.99,73,18.16,0,2.59
311,Hauterive,2018-12-16,FR,46.09,3.45,66,53.6,75,11.41
312,Eastlake,2018-12-16,US,32.66,-116.98,86,60.98,1,3.36
313,Aksu,2018-12-16,KZ,52.04,76.93,92,12.2,0,4.47
314,Adrar,2018-12-16,DZ,27.87,-0.29,52,46.4,0,9.17
315,Narsaq,2018-12-16,GL,60.91,-46.05,63,15.77,80,3.6
316,Carnarvon,2018-12-16,ZA,-30.97,22.13,55,46.82,0,2.93
317,Codrington,2018-12-16,AU,-28.95,153.24,74,80.6,75,14.99
318,Zyryanka,2018-12-16,RU,65.73,150.89,0,-49.39,0,2.59
319,Den Helder,2018-12-16,NL,52.96,4.76,100,37.4,90,17.22
320,Vila Velha,2018-12-16,BR,-3.71,-38.6,78,80.6,75,9.17
321,Buin,2018-12-16,CL,-33.73,-70.74,42,66.2,0,9.17
322,Pangnirtung,2018-12-16,CA,66.15,-65.72,68,-1.6,68,2.93
323,Xiaolingwei,2018-12-16,CN,32.03,118.85,87,42.8,36,8.95
324,Pevek,2018-12-16,RU,69.7,170.27,100,-29.91,0,5.5
325,Kurilsk,2018-12-16,RU,45.23,147.88,100,35.71,88,16.58
326,Gorele,2018-12-16,TR,41.03,39.0,66,51.8,0,2.24
327,Saint Anthony,2018-12-16,US,43.97,-111.68,80,30.92,1,5.82
328,Slatioara,2018-12-16,RO,45.12,23.92,98,38.63,92,11.21
329,Coromandel,2018-12-16,NZ,-36.76,175.5,97,69.14,8,6.73
330,Yaan,2018-12-16,NG,7.38,8.57,79,66.58,0,2.93
331,Keetmanshoop,2018-12-16,NA,-26.57,18.15,22,63.83,0,2.37
332,Sibiti,2018-12-16,CG,-3.69,13.35,96,71.71,88,3.15
333,Barrhead,2018-12-16,CA,54.12,-114.4,62,23.0,1,11.41
334,Mizan Teferi,2018-12-16,ET,6.99,35.58,84,54.7,0,1.81
335,Bitola,2018-12-16,MK,41.03,21.33,100,33.55,76,2.37
336,Novooleksiyivka,2018-12-16,UA,48.49,32.24,90,22.88,88,9.31
337,Whitehorse,2018-12-16,CA,60.72,-135.06,77,3.2,90,2.24
338,Synya,2018-12-16,RU,65.37,58.04,96,34.04,88,9.19
339,Danville,2018-12-16,US,36.59,-79.4,100,47.48,90,2.37
340,Serdobsk,2018-12-16,RU,52.46,44.21,89,16.04,32,7.29
341,Castres,2018-12-16,FR,43.6,2.24,100,46.4,92,2.24
342,Naliya,2018-12-16,IN,23.26,68.83,59,53.71,20,12.66
343,Aloleng,2018-12-16,PH,16.13,119.78,88,85.43,0,2.93
344,Bialystok,2018-12-16,PL,53.13,23.15,89,25.94,88,12.21
345,Contai,2018-12-16,IN,21.78,87.75,100,69.14,92,15.01
346,Ouegoa,2018-12-16,NC,-20.34,164.44,61,83.5,64,6.96
347,Portland,2018-12-16,US,45.52,-122.67,54,48.92,90,6.93
348,Lavrentiya,2018-12-16,RU,65.58,-170.99,100,9.43,64,16.46
349,Buala,2018-12-16,SB,-8.15,159.59,100,80.12,56,2.71
350,Andra,2018-12-16,RU,62.52,65.89,89,22.21,88,6.17
351,Fairbanks,2018-12-16,US,64.84,-147.72,80,-9.23,75,3.27
352,Tura,2018-12-16,IN,25.52,90.21,81,62.57,92,5.17
353,Scarborough,2018-12-16,GB,54.28,-0.41,75,44.6,92,13.87
354,Ati,2018-12-16,TD,13.21,18.34,55,60.95,0,3.83
355,Rocha,2018-12-16,UY,-34.48,-54.34,73,55.64,0,6.4
356,Galle,2018-12-16,US,29.74,-97.91,53,51.98,1,5.82
357,Marsh Harbour,2018-12-16,BS,26.54,-77.06,98,79.13,64,11.65
358,Tripoli,2018-12-16,GR,37.51,22.37,87,36.7,44,0.81
359,Menongue,2018-12-16,AO,-14.66,17.68,34,79.36,92,5.39
360,Quatre Cocos,2018-12-16,MU,-20.21,57.76,73,77.0,40,16.11
361,Manzhouli,2018-12-16,CN,49.6,117.43,77,7.45,0,9.42
362,Charlestown,2018-12-16,US,41.38,-71.64,85,46.94,92,11.41
363,Ha Tinh,2018-12-16,VN,18.33,105.9,100,70.63,92,21.61
364,Sorland,2018-12-16,NO,67.67,12.69,100,39.31,0,9.86
365,Buta,2018-12-16,CD,2.79,24.73,85,73.33,44,2.82
366,Beroroha,2018-12-16,MG,-21.68,45.17,67,74.23,0,7.29
367,Dhamtari,2018-12-16,IN,20.71,81.55,65,63.83,76,9.31
368,Goderich,2018-12-16,CA,43.74,-81.71,87,32.78,80,11.99
369,Bahir Dar,2018-12-16,ET,11.59,37.39,83,48.13,12,2.71
370,Kalispell,2018-12-16,US,48.2,-114.32,77,24.98,1,2.04
371,Lorengau,2018-12-16,PG,-2.02,147.27,98,85.88,20,6.62
372,Ketchikan,2018-12-16,US,55.34,-131.65,79,41.0,90,23.04
373,Ambilobe,2018-12-16,MG,-13.19,49.05,86,68.24,12,2.93
374,Herat,2018-12-16,AF,34.35,62.22,74,37.4,0,2.15
375,Alpena,2018-12-16,US,45.06,-83.43,92,29.48,90,0.92
376,Calvinia,2018-12-16,ZA,-31.47,19.78,72,46.55,0,2.59
377,Ngunguru,2018-12-16,NZ,-35.62,174.5,90,69.59,0,10.65
378,Demyansk,2018-12-16,RU,57.64,32.46,80,15.86,68,6.4
379,Bathsheba,2018-12-16,BB,13.22,-59.52,69,78.8,40,25.28
380,Padang,2018-12-16,ID,-0.92,100.36,97,85.03,12,6.73
381,Shimonoseki,2018-12-16,JP,33.97,130.94,81,48.2,75,17.22
382,Wundanyi,2018-12-16,KE,-3.4,38.37,97,66.44,68,1.36
383,Florence,2018-12-16,US,34.8,-87.68,89,51.8,90,6.93
384,Bayevo,2018-12-16,RU,53.27,80.77,89,12.98,88,5.84
385,Lafiagi,2018-12-16,NG,8.85,5.42,72,67.97,0,2.71
386,Mercedes,2018-12-16,UY,-33.25,-58.03,72,64.01,0,8.75
387,Rio Grande,2018-12-16,BR,-32.03,-52.1,93,67.48,92,9.75
388,Gwadar,2018-12-16,PK,25.12,62.33,100,62.12,0,6.4
389,Naze,2018-12-16,NG,5.43,7.07,74,77.96,0,8.63
390,Roebourne,2018-12-16,AU,-20.77,117.15,25,88.45,0,14.67
391,Majitha,2018-12-16,IN,31.76,74.96,100,42.8,0,2.93
392,Pangai,2018-12-16,TO,-19.8,-174.35,83,84.2,40,8.05
393,Murray Bridge,2018-12-16,AU,-35.12,139.28,86,68.33,24,14.79
394,Tevaitoa,2018-12-16,PF,-16.78,-151.5,96,83.81,68,12.33
395,Rosarito,2018-12-16,CO,4.91,-75.23,83,73.4,75,5.82
396,Sortavala,2018-12-16,RU,61.7,30.69,76,3.31,24,2.93
397,Codajas,2018-12-16,BR,-3.84,-62.06,94,75.13,64,4.16
398,Tadine,2018-12-16,NC,-21.55,167.88,94,77.69,80,19.26
399,Mbarara,2018-12-16,UG,-0.61,30.65,92,55.1,20,2.71
400,Mersing,2018-12-16,MY,2.43,103.84,93,83.18,36,6.4
401,Tual,2018-12-16,ID,-5.67,132.75,100,76.25,92,10.87
402,Kloulklubed,2018-12-16,PW,7.04,134.26,70,86.0,75,12.75
403,Cobija,2018-12-16,BR,-11.02,-68.77,82,76.61,0,3.15
404,Sinazongwe,2018-12-16,ZM,-17.26,27.46,83,76.52,0,7.74
405,Aksarka,2018-12-16,RU,66.56,67.8,84,22.21,88,14.79
406,Benghazi,2018-12-16,LY,32.12,20.07,100,63.47,76,23.85
407,Karratha,2018-12-16,AU,-20.74,116.85,25,88.45,0,14.67
408,Flinders,2018-12-16,AU,-34.58,150.85,69,78.5,36,5.06
409,Krasnovishersk,2018-12-16,RU,60.4,57.08,91,17.93,80,4.16
410,Vanavara,2018-12-16,RU,60.35,102.28,60,0.83,0,6.73
411,Kroya,2018-12-16,ID,-6.5,108.06,83,86.11,8,3.15
412,Utete,2018-12-16,TZ,-7.99,38.76,99,72.02,24,2.93
413,Julio de Castilhos,2018-12-16,BR,-29.23,-53.68,83,73.91,80,6.17
414,Salalah,2018-12-16,OM,17.01,54.1,56,73.4,20,11.41
415,Old Town,2018-12-16,CZ,50.08,14.42,79,28.4,90,3.36
416,Katherine,2018-12-16,AU,-14.47,132.26,47,95.0,8,11.41
417,Krasnoarmeysk,2018-12-16,RU,56.12,38.15,84,14.0,40,4.47
418,Gravdal,2018-12-16,NO,59.79,5.78,56,41.0,0,26.4
419,Champerico,2018-12-16,MX,16.38,-93.6,68,64.4,75,12.75
420,Krasnyy,2018-12-16,RU,53.81,40.7,91,17.08,64,6.4
421,Kavieng,2018-12-16,PG,-2.57,150.8,99,87.23,48,5.39
422,Maloye Verevo,2018-12-16,RU,59.61,30.17,92,19.4,75,4.47
423,Shinshiro,2018-12-16,JP,34.95,137.53,58,53.6,40,14.99
424,Champasak,2018-12-16,LA,14.89,105.88,53,86.2,0,10.42
425,Axim,2018-12-16,GH,4.87,-2.24,100,82.55,8,14.0
426,Letterkenny,2018-12-16,IE,54.95,-7.73,96,46.46,36,17.36
427,Piopio,2018-12-16,CL,-42.79,-73.57,93,57.2,92,5.82
428,Rivadavia,2018-12-16,AR,-31.53,-68.59,58,67.52,0,2.93
429,West Plains,2018-12-16,US,36.73,-91.85,85,46.94,1,4.7
430,Cururupu,2018-12-16,BR,-1.82,-44.87,99,73.1,88,3.27
431,Oskaloosa,2018-12-16,US,39.22,-95.31,71,46.94,1,1.36
432,Viedma,2018-12-16,AR,-40.81,-62.99,21,76.88,8,18.14
433,Srednekolymsk,2018-12-16,RU,67.46,153.71,0,-47.55,8,2.37
434,Djambala,2018-12-16,CG,-2.55,14.76,99,68.11,80,5.95
435,Ercis,2018-12-16,TR,39.03,43.36,86,26.6,40,4.7
436,Katsuura,2018-12-16,JP,33.93,134.5,70,48.2,75,2.24
437,Erzin,2018-12-16,TR,36.95,36.2,81,50.0,75,9.17
438,Mehamn,2018-12-16,NO,71.03,27.85,100,18.74,0,4.61
439,Chambas,2018-12-16,CU,22.19,-78.91,94,77.0,75,1.12
440,Kondoa,2018-12-16,TZ,-4.91,35.78,92,59.06,88,2.82
441,North Bend,2018-12-16,US,43.41,-124.22,77,48.92,90,6.93
442,Klyuchi,2018-12-16,RU,52.25,79.17,66,8.21,32,6.73
443,Clyde River,2018-12-16,CA,70.47,-68.59,83,-4.01,90,21.92
444,Port Macquarie,2018-12-16,AU,-31.43,152.91,94,77.0,90,14.99
445,Janossomorja,2018-12-16,HU,47.79,17.14,74,30.2,90,5.82
446,Tanout,2018-12-16,NE,14.97,8.88,46,59.06,0,9.75
447,Punto Fijo,2018-12-16,VE,11.69,-70.21,68,79.45,0,21.27
448,Homer,2018-12-16,US,59.64,-151.54,88,28.94,1,3.36
449,Surgana,2018-12-16,IN,20.56,73.64,54,61.76,0,9.42
450,Sialkot,2018-12-16,PK,32.49,74.54,75,44.6,0,3.49
451,Kavalerovo,2018-12-16,RU,44.27,135.06,71,26.93,32,4.38
452,Ilhabela,2018-12-16,BR,-23.78,-45.36,100,75.8,48,2.82
453,Bambanglipuro,2018-12-16,ID,-7.95,110.28,87,79.94,92,4.72
454,Khromtau,2018-12-16,KZ,50.26,58.44,92,27.11,88,5.39
455,Turukhansk,2018-12-16,RU,65.8,87.96,60,-7.0,64,6.96
456,Baragua,2018-12-16,CU,21.7,-78.63,93,75.76,20,4.94
457,Sangin,2018-12-16,AF,32.07,64.85,81,33.91,0,4.72
458,Ostrovnoy,2018-12-16,RU,68.05,39.51,96,9.83,0,12.66
459,Beyneu,2018-12-16,KZ,45.32,55.19,87,31.97,88,8.41
460,Goya,2018-12-16,AR,-29.14,-59.27,91,71.98,80,9.08
461,Burriana,2018-12-16,ES,39.89,-0.08,62,55.4,0,17.22
462,Normandin,2018-12-16,CA,48.84,-72.53,84,32.0,90,8.05
463,Udachnyy,2018-12-16,RU,66.42,112.4,67,-10.33,48,3.83
464,Lubao,2018-12-16,PH,14.94,120.6,55,86.0,40,9.17
465,Kindia,2018-12-16,GN,10.05,-12.86,42,64.37,0,6.62
466,Mapastepec,2018-12-16,MX,15.44,-92.9,58,71.21,36,4.05
467,Kadaya,2018-12-16,RU,50.93,119.29,71,-0.48,0,5.17
468,Touros,2018-12-16,BR,-5.2,-35.46,83,75.2,20,3.36
469,Sabang,2018-12-16,PH,13.72,123.58,100,76.07,92,8.97
470,Mao,2018-12-16,DO,19.55,-71.08,94,77.0,20,6.93
471,Am Timan,2018-12-16,TD,11.04,20.28,44,59.78,0,4.94
472,Ruwi,2018-12-16,OM,23.6,58.55,72,66.2,20,3.36
473,Sobolevo,2018-12-16,RU,54.43,31.9,94,22.75,80,7.96
474,Sur,2018-12-16,OM,22.57,59.53,100,72.83,100,11.1
475,Dosso,2018-12-16,NE,13.05,3.19,37,67.16,0,12.21
476,Nizwa,2018-12-16,OM,22.93,57.53,75,46.82,0,2.59
477,Prince George,2018-12-16,CA,53.92,-122.75,79,24.8,40,5.82
478,Khao Yoi,2018-12-16,TH,13.24,99.82,61,80.6,20,9.17
479,Jinchang,2018-12-16,CN,38.52,102.19,49,14.38,0,4.61
480,Salinas,2018-12-16,US,36.67,-121.66,77,57.2,1,5.28
481,Kedrovyy,2018-12-16,RU,56.17,91.82,78,17.6,40,6.71
482,Tanabe,2018-12-16,JP,33.73,135.39,58,55.4,75,6.93
483,Boma,2018-12-16,NG,11.23,4.46,59,64.15,0,7.52
484,Kawalu,2018-12-16,ID,-7.38,108.21,79,77.65,12,3.04
485,Piacabucu,2018-12-16,BR,-10.41,-36.43,79,75.58,92,7.52
486,Amaigbo,2018-12-16,NG,5.78,7.83,77,73.06,0,7.74
487,Gat,2018-12-16,SN,14.69,-16.54,22,75.2,0,11.41
488,Road Town,2018-12-16,VG,18.42,-64.62,76,78.08,1,6.93
489,Tiksi,2018-12-16,RU,71.64,128.87,59,-12.9,48,3.94
490,Kilindoni,2018-12-16,TZ,-7.91,39.67,100,82.01,56,3.38
491,Tilichiki,2018-12-16,RU,60.47,166.1,41,-26.71,0,2.93
492,Kathu,2018-12-16,ZA,-27.7,23.05,78,61.36,8,6.85
493,Severo-Kurilsk,2018-12-16,RU,50.68,156.12,100,28.15,56,13.0
494,Huarmey,2018-12-16,PE,-10.07,-78.15,85,63.92,80,3.15
495,Sai Buri,2018-12-16,TH,6.7,101.62,94,78.8,75,3.15
496,Portobelo,2018-12-16,PA,9.55,-79.65,88,78.8,20,2.24
497,Dinghai,2018-12-16,CN,26.28,119.79,63,66.2,0,8.95
498,Pascagoula,2018-12-16,US,30.37,-88.56,82,53.96,90,4.7
499,Port Hardy,2018-12-16,CA,50.7,-127.42,87,42.8,90,27.51
500,Acari,2018-12-16,BR,-6.44,-36.64,86,70.58,0,10.87
501,Dalheim,2018-12-16,DE,50.57,8.48,54,30.2,1,8.05
502,Thongwa,2018-12-16,MM,16.76,96.52,83,77.0,40,3.36
503,Wattegama,2018-12-16,LK,7.35,80.68,95,73.01,80,3.6
504,Shetpe,2018-12-16,KZ,44.14,52.16,98,36.16,92,5.73
505,Dutse,2018-12-16,NG,11.76,9.34,54,57.76,0,5.39
506,Colorado,2018-12-16,BR,-22.84,-51.97,90,75.76,64,2.71
507,Santa Fe,2018-12-16,AR,-31.62,-60.7,72,65.27,0,7.96
508,Hervey Bay,2018-12-16,AU,-25.3,152.85,69,80.6,90,9.17
509,Filingue,2018-12-16,NE,14.35,3.32,44,64.19,0,10.98
510,Itaituba,2018-12-16,BR,-4.26,-55.99,92,76.03,88,2.82
511,Vilyuysk,2018-12-16,RU,63.75,121.63,82,0.56,48,3.49
512,Merauke,2018-12-16,ID,-8.49,140.4,100,76.66,92,6.17
513,Lerwick,2018-12-16,GB,60.15,-1.15,70,42.8,92,49.44
514,Duvan,2018-12-16,RU,55.69,57.9,86,4.34,56,2.93
515,Lachi,2018-12-16,PK,33.38,71.34,77,29.45,0,2.37
516,Mountain Home,2018-12-16,US,43.13,-115.69,64,39.02,1,12.75
517,Atambua,2018-12-16,ID,-9.11,124.89,100,82.55,36,11.43
518,Koumac,2018-12-16,NC,-20.56,164.28,61,83.5,64,6.96
519,Zelezna Ruda,2018-12-16,CZ,49.14,13.24,79,28.4,90,3.36
520,Fort Saint James,2018-12-16,CA,54.43,-124.25,69,24.55,80,7.63
521,Khovu-Aksy,2018-12-16,RU,51.13,93.72,54,-7.95,44,2.37
522,Marquette,2018-12-16,US,46.54,-87.4,81,33.98,0,8.05
523,Havre-Saint-Pierre,2018-12-16,CA,50.23,-63.6,79,26.6,20,16.11
524,Nanortalik,2018-12-16,GL,60.14,-45.24,92,27.11,88,3.27
525,Paamiut,2018-12-16,GL,61.99,-49.67,98,29.63,0,3.15
526,Benguela,2018-12-16,AO,-12.58,13.4,100,72.29,48,3.38
527,Changtu,2018-12-16,CN,42.78,124.11,65,26.93,0,4.27
528,Koroni,2018-12-16,GR,36.8,21.96,100,57.13,100,7.74
529,Lianzhou,2018-12-16,CN,24.79,112.38,78,47.63,0,2.93
530,Barra,2018-12-16,GM,13.49,-16.54,37,71.6,0,5.82
531,Birao,2018-12-16,CF,10.3,22.78,56,57.31,0,6.17
532,Sola,2018-12-16,NO,58.89,5.65,69,41.0,75,25.28
533,Parana,2018-12-16,BR,-7.52,-72.89,94,77.0,75,4.7
534,Phangnga,2018-12-16,TH,8.45,98.53,78,78.8,75,6.93
535,Poum,2018-12-16,MK,41.28,20.71,100,34.9,80,1.48
536,Bacolod,2018-12-16,PH,10.68,122.95,93,80.21,32,9.75
537,Stepnogorsk,2018-12-16,KZ,52.35,71.88,90,15.1,92,5.84
538,Cuamba,2018-12-16,MZ,-14.8,36.54,97,65.5,32,2.71
